id,Calories
10001,163.4
10002,30.53
10003,51.6
10004,58.03
10005,172.06
10006,129.36
10007,15.15
10008,84.13
10009,27.11
10010,13.37
10011,64.76
10012,61.32
10013,171.46
10014,29.95
10015,57.13
10016,7.47
10017,216.08
10018,157.91
10019,130.58
10020,54.22
10021,40.72
10022,42.88
10023,17.05
10024,55.64
10025,86.81
10026,199.08
10027,14.78
10028,93.45
10029,113.46
10030,54.0
10031,68.92
10032,9.88
10033,182.5
10034,62.88
10035,3.17
10036,78.21
10037,197.61
10038,31.53
10039,112.69
10040,188.82
10041,203.73
10042,80.92
10043,48.17
10044,146.17
10045,95.54
10046,21.12
10047,12.64
10048,87.29
10049,159.59
10050,82.81
10051,24.84
10052,134.76
10053,119.12
10054,103.28
10055,62.36
10056,190.98
10057,51.84
10058,172.86
10059,34.48
10060,45.67
10061,211.6
10062,140.19
10063,7.02
10064,91.71
10065,228.48
10066,10.31
10067,218.46
10068,10.54
10069,140.3
10070,68.24
10071,71.29
10072,103.58
10073,149.59
10074,37.35
10075,92.35
10076,93.75
10077,132.78
10078,94.47
10079,141.55
10080,161.7
10081,128.96
10082,21.55
10083,8.45
10084,31.73
10085,20.9
10086,43.3
10087,167.22
10088,127.53
10089,74.57
10090,179.48
10091,10.89
10092,47.39
10093,20.02
10094,77.79
10095,94.58
10096,24.77
10097,131.41
10098,110.12
10099,4.08
10100,1.3
10101,101.56
10102,151.09
10103,58.91
10104,263.58
10105,102.52
10106,38.77
10107,10.48
10108,16.62
10109,23.85
10110,8.5
10111,42.88
10112,56.96
10113,156.12
10114,141.93
10115,67.03
10116,120.21
10117,48.47
10118,200.71
10119,155.4
10120,148.17
10121,28.82
10122,32.94
10123,20.88
10124,150.91
10125,87.31
10126,138.79
10127,143.87
10128,187.57
10129,185.19
10130,126.82
10131,54.67
10132,124.08
10133,46.79
10134,31.25
10135,102.8
10136,30.56
10137,11.86
10138,77.6
10139,106.44
10140,115.48
10141,165.71
10142,13.87
10143,49.04
10144,29.74
10145,163.98
10146,121.37
10147,108.82
10148,101.88
10149,53.76
10150,80.38
10151,6.63
10152,26.81
10153,163.76
10154,4.41
10155,116.93
10156,175.14
10157,190.28
10158,171.45
10159,47.28
10160,44.2
10161,57.56
10162,23.02
10163,81.76
10164,46.2
10165,67.47
10166,79.43
10167,28.37
10168,55.39
10169,138.94
10170,199.5
10171,35.37
10172,225.81
10173,41.36
10174,62.48
10175,116.97
10176,41.86
10177,89.55
10178,76.4
10179,160.48
10180,70.19
10181,41.0
10182,45.35
10183,17.06
10184,163.27
10185,181.65
10186,56.43
10187,7.39
10188,188.66
10189,94.12
10190,115.75
10191,91.41
10192,67.39
10193,80.43
10194,113.1
10195,222.1
10196,36.63
10197,73.66
10198,58.54
10199,50.99
10200,32.25
10201,95.52
10202,130.42
10203,27.28
10204,104.39
10205,182.47
10206,72.39
10207,117.67
10208,123.48
10209,39.61
10210,127.55
10211,36.57
10212,186.34
10213,23.41
10214,14.89
10215,102.5
10216,159.21
10217,98.25
10218,59.66
10219,16.93
10220,48.99
10221,68.6
10222,162.26
10223,25.25
10224,160.21
10225,144.84
10226,135.85
10227,29.92
10228,67.89
10229,30.86
10230,146.45
10231,26.45
10232,196.92
10233,33.17
10234,71.1
10235,13.56
10236,99.91
10237,49.26
10238,23.32
10239,50.35
10240,41.95
10241,137.74
10242,10.14
10243,16.22
10244,51.6
10245,23.45
10246,71.54
10247,39.57
10248,185.97
10249,19.31
10250,14.44
10251,72.34
10252,156.91
10253,120.36
10254,54.85
10255,151.16
10256,201.18
10257,94.86
10258,135.25
10259,130.6
10260,70.62
10261,174.55
10262,104.8
10263,150.21
10264,14.27
10265,108.31
10266,83.24
10267,109.82
10268,166.67
10269,13.77
10270,207.63
10271,185.68
10272,55.66
10273,254.46
10274,59.94
10275,56.44
10276,69.32
10277,152.6
10278,131.14
10279,32.54
10280,106.98
10281,75.06
10282,180.79
10283,77.17
10284,22.3
10285,122.89
10286,24.84
10287,20.6
10288,17.62
10289,71.48
10290,35.21
10291,89.56
10292,43.5
10293,153.84
10294,200.61
10295,110.77
10296,42.38
10297,173.72
10298,177.58
10299,17.09
10300,53.42
10301,8.05
10302,56.69
10303,16.19
10304,36.71
10305,110.17
10306,68.34
10307,8.86
10308,15.65
10309,122.25
10310,113.5
10311,4.21
10312,1.97
10313,177.01
10314,27.38
10315,153.78
10316,48.75
10317,113.26
10318,51.27
10319,50.35
10320,91.05
10321,137.66
10322,83.03
10323,14.61
10324,143.41
10325,59.69
10326,28.72
10327,22.8
10328,48.39
10329,227.1
10330,220.57
10331,71.94
10332,9.68
10333,107.4
10334,59.85
10335,106.64
10336,72.67
10337,59.27
10338,207.45
10339,20.51
10340,37.62
10341,2.94
10342,18.97
10343,178.69
10344,8.22
10345,23.73
10346,19.7
10347,60.53
10348,166.84
10349,50.5
10350,249.38
10351,205.05
10352,169.19
10353,87.34
10354,73.46
10355,90.62
10356,170.05
10357,145.65
10358,157.44
10359,200.78
10360,168.13
10361,79.99
10362,35.83
10363,79.6
10364,85.07
10365,200.53
10366,128.1
10367,86.8
10368,210.12
10369,166.67
10370,128.65
10371,10.58
10372,137.03
10373,154.69
10374,22.12
10375,43.17
10376,158.63
10377,107.06
10378,20.59
10379,44.31
10380,89.24
10381,155.85
10382,175.03
10383,169.59
10384,151.07
10385,150.02
10386,49.72
10387,55.19
10388,112.25
10389,144.61
10390,51.33
10391,121.89
10392,81.18
10393,78.92
10394,134.33
10395,61.96
10396,106.46
10397,138.99
10398,43.51
10399,107.06
10400,27.63
10401,147.05
10402,93.53
10403,182.06
10404,41.79
10405,46.02
10406,21.97
10407,123.1
10408,128.59
10409,137.29
10410,29.39
10411,100.82
10412,108.13
10413,122.45
10414,115.16
10415,170.78
10416,102.74
10417,11.2
10418,148.71
10419,43.41
10420,125.98
10421,119.16
10422,38.57
10423,114.98
10424,73.01
10425,11.93
10426,58.29
10427,13.59
10428,50.61
10429,92.64
10430,78.88
10431,153.41
10432,58.99
10433,86.4
10434,109.24
10435,77.27
10436,99.21
10437,182.24
10438,214.55
10439,13.07
10440,13.12
10441,135.64
10442,142.27
10443,62.18
10444,119.15
10445,69.75
10446,13.35
10447,217.25
10448,17.05
10449,99.06
10450,37.22
10451,147.31
10452,217.36
10453,79.2
10454,107.43
10455,33.15
10456,122.99
10457,151.52
10458,145.99
10459,149.3
10460,149.63
10461,31.72
10462,82.41
10463,50.63
10464,20.31
10465,65.36
10466,5.19
10467,108.14
10468,29.61
10469,170.97
10470,100.13
10471,56.76
10472,144.77
10473,9.75
10474,93.31
10475,28.72
10476,175.53
10477,110.58
10478,28.98
10479,65.28
10480,169.93
10481,111.03
10482,49.89
10483,35.8
10484,133.5
10485,180.74
10486,81.4
10487,54.41
10488,7.44
10489,32.64
10490,132.23
10491,146.96
10492,83.84
10493,8.16
10494,64.81
10495,8.02
10496,38.96
10497,213.48
10498,171.55
10499,192.81
10500,115.4
10501,10.86
10502,225.84
10503,38.74
10504,67.26
10505,2.97
10506,197.56
10507,83.04
10508,68.35
10509,152.5
10510,119.32
10511,168.27
10512,125.47
10513,32.56
10514,76.99
10515,20.02
10516,45.36
10517,35.18
10518,139.92
10519,87.51
10520,101.85
10521,42.14
10522,70.13
10523,53.89
10524,171.63
10525,252.17
10526,16.53
10527,6.52
10528,46.52
10529,39.5
10530,25.6
10531,20.59
10532,123.54
10533,145.65
10534,91.53
10535,46.04
10536,74.18
10537,87.11
10538,12.77
10539,49.53
10540,34.37
10541,29.72
10542,72.29
10543,123.91
10544,17.19
10545,147.0
10546,13.01
10547,168.13
10548,100.2
10549,57.82
10550,2.29
10551,90.91
10552,130.81
10553,169.63
10554,23.59
10555,1.9
10556,76.16
10557,116.89
10558,55.45
10559,13.04
10560,178.6
10561,84.01
10562,24.12
10563,171.24
10564,39.66
10565,124.06
10566,81.64
10567,92.12
10568,106.1
10569,39.52
10570,31.22
10571,54.82
10572,62.01
10573,39.07
10574,47.67
10575,115.4
10576,108.11
10577,32.73
10578,18.91
10579,167.01
10580,61.11
10581,60.23
10582,122.06
10583,174.22
10584,98.41
10585,34.43
10586,3.53
10587,73.4
10588,115.33
10589,104.53
10590,77.06
10591,64.59
10592,106.88
10593,215.26
10594,146.5
10595,12.91
10596,117.59
10597,66.26
10598,121.51
10599,37.63
10600,199.79
10601,50.41
10602,147.44
10603,121.11
10604,152.98
10605,91.87
10606,88.52
10607,197.52
10608,90.8
10609,178.99
10610,223.48
10611,184.27
10612,232.95
10613,95.12
10614,33.86
10615,158.27
10616,101.92
10617,79.73
10618,12.95
10619,26.28
10620,17.07
10621,218.92
10622,118.68
10623,144.47
10624,32.28
10625,150.58
10626,75.05
10627,70.92
10628,65.05
10629,123.81
10630,126.69
10631,101.92
10632,93.24
10633,187.09
10634,186.03
10635,6.69
10636,188.51
10637,28.75
10638,247.1
10639,201.12
10640,184.45
10641,65.87
10642,34.19
10643,90.01
10644,147.65
10645,112.85
10646,121.15
10647,3.32
10648,12.9
10649,179.45
10650,33.52
10651,119.45
10652,4.39
10653,183.34
10654,10.6
10655,108.32
10656,192.96
10657,154.7
10658,46.23
10659,18.27
10660,184.4
10661,179.95
10662,32.7
10663,51.57
10664,203.29
10665,32.42
10666,79.73
10667,91.38
10668,22.86
10669,40.31
10670,171.16
10671,16.86
10672,38.78
10673,54.92
10674,6.78
10675,111.39
10676,23.85
10677,56.34
10678,37.4
10679,73.3
10680,9.71
10681,11.06
10682,135.95
10683,118.1
10684,216.89
10685,107.83
10686,48.41
10687,46.59
10688,19.55
10689,134.15
10690,32.03
10691,18.28
10692,68.93
10693,54.04
10694,27.87
10695,18.1
10696,28.11
10697,122.71
10698,14.54
10699,97.24
10700,195.84
10701,103.81
10702,113.86
10703,111.07
10704,14.27
10705,20.19
10706,9.31
10707,159.96
10708,28.44
10709,21.56
10710,73.17
10711,38.32
10712,144.49
10713,185.4
10714,38.56
10715,212.36
10716,148.41
10717,195.26
10718,170.1
10719,49.26
10720,76.36
10721,22.76
10722,59.66
10723,27.01
10724,178.92
10725,25.24
10726,7.72
10727,54.91
10728,83.74
10729,10.11
10730,187.81
10731,153.4
10732,126.18
10733,58.45
10734,113.39
10735,81.5
10736,104.84
10737,12.88
10738,289.97
10739,91.61
10740,207.6
10741,116.61
10742,6.08
10743,66.9
10744,165.63
10745,117.96
10746,28.9
10747,163.68
10748,72.05
10749,25.59
10750,2.85
10751,80.34
10752,17.21
10753,30.63
10754,183.5
10755,167.55
10756,41.99
10757,81.45
10758,35.8
10759,23.78
10760,43.37
10761,107.6
10762,28.19
10763,4.33
10764,39.99
10765,59.11
10766,155.94
10767,84.88
10768,4.42
10769,9.67
10770,62.52
10771,66.52
10772,61.12
10773,116.88
10774,160.9
10775,86.89
10776,65.73
10777,29.88
10778,53.66
10779,61.69
10780,79.23
10781,28.4
10782,63.38
10783,64.75
10784,69.24
10785,98.18
10786,24.15
10787,130.58
10788,11.61
10789,69.58
10790,6.37
10791,4.83
10792,111.98
10793,78.23
10794,128.23
10795,183.75
10796,6.47
10797,138.65
10798,28.98
10799,93.84
10800,187.14
10801,47.3
10802,105.4
10803,40.03
10804,213.9
10805,180.92
10806,41.37
10807,146.41
10808,175.89
10809,136.76
10810,36.33
10811,48.91
10812,185.92
10813,89.61
10814,7.23
10815,6.54
10816,16.22
10817,46.7
10818,37.76
10819,55.54
10820,9.95
10821,27.16
10822,91.05
10823,37.11
10824,139.22
10825,12.31
10826,31.69
10827,14.79
10828,126.59
10829,11.8
10830,128.88
10831,50.15
10832,218.59
10833,122.88
10834,227.7
10835,132.69
10836,6.45
10837,205.77
10838,108.7
10839,193.06
10840,115.83
10841,51.83
10842,10.27
10843,56.42
10844,37.67
10845,93.52
10846,27.89
10847,54.78
10848,209.85
10849,12.35
10850,78.88
10851,146.89
10852,86.03
10853,81.91
10854,51.86
10855,132.45
10856,181.09
10857,202.6
10858,61.72
10859,190.44
10860,161.2
10861,40.11
10862,15.0
10863,64.9
10864,151.11
10865,66.09
10866,104.94
10867,12.24
10868,137.22
10869,109.56
10870,135.27
10871,62.29
10872,13.47
10873,193.08
10874,141.95
10875,171.91
10876,32.15
10877,122.08
10878,11.91
10879,181.96
10880,28.77
10881,40.51
10882,54.64
10883,153.45
10884,247.02
10885,124.99
10886,5.59
10887,80.95
10888,41.48
10889,30.41
10890,107.19
10891,140.45
10892,76.65
10893,31.45
10894,194.01
10895,48.82
10896,41.76
10897,0.98
10898,56.73
10899,107.37
10900,17.38
10901,24.15
10902,42.88
10903,24.24
10904,44.85
10905,55.06
10906,145.85
10907,89.78
10908,18.9
10909,148.76
10910,72.96
10911,3.23
10912,12.89
10913,70.1
10914,34.9
10915,10.11
10916,58.98
10917,135.09
10918,42.04
10919,11.57
10920,17.17
10921,88.07
10922,127.77
10923,129.03
10924,121.41
10925,54.72
10926,11.58
10927,238.09
10928,149.03
10929,11.79
10930,36.32
10931,32.34
10932,138.44
10933,9.76
10934,171.81
10935,134.05
10936,62.26
10937,22.29
10938,150.1
10939,7.78
10940,158.21
10941,60.31
10942,113.85
10943,110.56
10944,25.37
10945,31.06
10946,180.28
10947,19.43
10948,145.96
10949,165.93
10950,67.11
10951,104.13
10952,15.09
10953,25.45
10954,79.03
10955,97.24
10956,29.91
10957,61.5
10958,239.28
10959,4.96
10960,81.5
10961,192.68
10962,127.4
10963,13.65
10964,191.31
10965,66.86
10966,41.69
10967,21.84
10968,237.57
10969,7.59
10970,184.16
10971,128.17
10972,34.07
10973,63.29
10974,34.04
10975,100.22
10976,41.53
10977,147.02
10978,185.03
10979,27.53
10980,39.75
10981,107.46
10982,64.79
10983,102.56
10984,115.73
10985,220.65
10986,42.52
10987,73.84
10988,2.98
10989,105.57
10990,123.17
10991,103.36
10992,73.67
10993,7.25
10994,10.23
10995,71.94
10996,235.73
10997,87.29
10998,31.18
10999,187.62
11000,258.53
11001,106.01
11002,127.71
11003,93.6
11004,113.93
11005,144.92
11006,29.11
11007,19.32
11008,256.75
11009,23.8
11010,30.55
11011,14.15
11012,9.77
11013,65.25
11014,50.91
11015,110.75
11016,8.33
11017,31.44
11018,182.56
11019,135.23
11020,117.88
11021,124.08
11022,100.32
11023,165.99
11024,50.33
11025,24.44
11026,21.31
11027,181.51
11028,55.67
11029,166.41
11030,6.01
11031,9.69
11032,51.2
11033,98.5
11034,206.92
11035,169.64
11036,126.25
11037,67.38
11038,7.05
11039,6.87
11040,26.92
11041,60.98
11042,80.37
11043,76.33
11044,123.77
11045,6.48
11046,166.07
11047,109.93
11048,176.99
11049,34.56
11050,74.27
11051,6.25
11052,105.08
11053,239.83
11054,148.52
11055,219.89
11056,68.06
11057,14.57
11058,147.03
11059,107.78
11060,19.3
11061,69.37
11062,77.33
11063,92.43
11064,157.14
11065,32.91
11066,66.39
11067,18.89
11068,120.23
11069,42.02
11070,110.26
11071,15.3
11072,184.94
11073,126.95
11074,164.56
11075,85.36
11076,87.33
11077,39.54
11078,26.15
11079,13.72
11080,65.43
11081,74.77
11082,178.4
11083,47.26
11084,28.02
11085,169.54
11086,13.1
11087,176.56
11088,20.97
11089,89.85
11090,8.04
11091,92.69
11092,86.08
11093,146.59
11094,20.77
11095,51.67
11096,64.13
11097,38.25
11098,97.43
11099,71.34
11100,90.96
11101,102.27
11102,45.96
11103,187.89
11104,119.15
11105,105.12
11106,35.94
11107,110.97
11108,71.19
11109,98.39
11110,169.7
11111,44.35
11112,57.84
11113,53.87
11114,87.28
11115,65.5
11116,31.22
11117,20.54
11118,113.45
11119,10.34
11120,152.71
11121,75.75
11122,107.11
11123,33.67
11124,181.2
11125,89.16
11126,128.19
11127,142.95
11128,12.04
11129,49.63
11130,27.49
11131,187.24
11132,84.58
11133,171.26
11134,34.93
11135,3.11
11136,16.21
11137,2.07
11138,172.33
11139,34.36
11140,64.13
11141,50.29
11142,50.01
11143,133.11
11144,15.75
11145,61.38
11146,27.04
11147,116.96
11148,110.94
11149,30.01
11150,155.16
11151,97.7
11152,28.7
11153,101.17
11154,46.23
11155,116.81
11156,98.97
11157,58.57
11158,39.06
11159,109.6
11160,3.49
11161,12.76
11162,130.87
11163,22.88
11164,13.84
11165,238.55
11166,76.11
11167,29.99
11168,93.57
11169,217.74
11170,49.5
11171,33.91
11172,13.18
11173,3.05
11174,5.61
11175,90.58
11176,73.54
11177,192.1
11178,63.71
11179,1.87
11180,25.56
11181,202.93
11182,136.47
11183,3.37
11184,109.61
11185,71.72
11186,143.78
11187,77.72
11188,233.3
11189,5.43
11190,15.38
11191,30.14
11192,5.93
11193,152.62
11194,143.77
11195,40.92
11196,119.75
11197,24.8
11198,127.83
11199,99.75
11200,19.11
11201,171.3
11202,80.02
11203,208.87
11204,177.91
11205,141.4
11206,79.34
11207,164.96
11208,119.18
11209,2.54
11210,10.73
11211,88.8
11212,38.33
11213,99.72
11214,151.46
11215,59.08
11216,95.22
11217,211.49
11218,58.82
11219,168.8
11220,168.17
11221,8.72
11222,72.2
11223,92.86
11224,71.14
11225,135.23
11226,13.78
11227,24.98
11228,72.19
11229,108.72
11230,60.75
11231,113.69
11232,193.44
11233,12.13
11234,37.8
11235,88.1
11236,186.03
11237,56.26
11238,33.47
11239,4.67
11240,90.66
11241,146.74
11242,10.04
11243,103.86
11244,150.96
11245,27.42
11246,132.44
11247,71.76
11248,7.95
11249,44.57
11250,66.28
11251,106.91
11252,4.55
11253,12.08
11254,26.79
11255,21.0
11256,187.48
11257,119.1
11258,155.82
11259,150.24
11260,32.89
11261,121.17
11262,139.59
11263,228.47
11264,198.17
11265,9.18
11266,52.72
11267,94.05
11268,171.88
11269,102.87
11270,55.71
11271,7.14
11272,95.82
11273,71.6
11274,115.38
11275,157.79
11276,124.28
11277,15.58
11278,97.6
11279,186.7
11280,71.21
11281,149.83
11282,79.2
11283,162.64
11284,69.49
11285,81.85
11286,58.54
11287,133.86
11288,92.91
11289,20.38
11290,181.63
11291,187.96
11292,62.76
11293,20.09
11294,138.01
11295,204.52
11296,13.12
11297,2.69
11298,62.92
11299,36.28
11300,150.82
11301,244.07
11302,22.38
11303,3.92
11304,26.89
11305,15.9
11306,129.75
11307,104.07
11308,4.26
11309,113.39
11310,3.97
11311,185.84
11312,57.62
11313,24.96
11314,33.25
11315,8.84
11316,102.01
11317,2.37
11318,54.28
11319,96.36
11320,79.19
11321,10.27
11322,166.6
11323,132.34
11324,133.95
11325,28.7
11326,63.37
11327,75.02
11328,111.03
11329,61.73
11330,30.59
11331,49.57
11332,107.84
11333,66.45
11334,67.4
11335,229.59
11336,82.75
11337,7.23
11338,170.23
11339,186.5
11340,11.15
11341,122.98
11342,67.27
11343,237.51
11344,80.02
11345,57.42
11346,19.21
11347,67.96
11348,70.4
11349,171.63
11350,24.71
11351,68.77
11352,95.7
11353,49.9
11354,108.48
11355,67.38
11356,5.72
11357,20.5
11358,133.74
11359,60.59
11360,25.3
11361,181.31
11362,21.46
11363,21.91
11364,156.07
11365,19.53
11366,11.53
11367,147.03
11368,91.33
11369,105.18
11370,90.18
11371,179.19
11372,23.4
11373,71.72
11374,33.0
11375,71.4
11376,131.72
11377,171.82
11378,38.14
11379,128.59
11380,7.89
11381,169.95
11382,175.98
11383,27.02
11384,263.16
11385,34.75
11386,29.04
11387,156.81
11388,10.08
11389,42.6
11390,66.36
11391,90.12
11392,77.35
11393,151.25
11394,10.81
11395,5.67
11396,186.94
11397,103.11
11398,25.56
11399,11.91
11400,93.43
11401,38.72
11402,192.43
11403,227.72
11404,91.81
11405,172.76
11406,61.35
11407,35.86
11408,14.9
11409,7.63
11410,104.53
11411,205.42
11412,173.53
11413,38.13
11414,4.05
11415,137.27
11416,96.41
11417,135.26
11418,142.47
11419,161.97
11420,39.69
11421,53.65
11422,24.43
11423,23.61
11424,195.5
11425,5.82
11426,176.85
11427,112.67
11428,56.26
11429,6.1
11430,132.36
11431,94.45
11432,178.16
11433,3.07
11434,245.04
11435,34.23
11436,19.44
11437,56.92
11438,196.92
11439,152.28
11440,26.99
11441,201.72
11442,22.06
11443,76.17
11444,7.72
11445,19.69
11446,183.46
11447,108.73
11448,173.27
11449,19.59
11450,68.39
11451,181.25
11452,168.44
11453,121.29
11454,75.06
11455,135.34
11456,213.25
11457,32.47
11458,98.8
11459,55.92
11460,36.29
11461,67.68
11462,116.5
11463,96.75
11464,159.89
11465,8.02
11466,172.06
11467,144.82
11468,63.51
11469,111.34
11470,8.0
11471,7.63
11472,7.03
11473,115.18
11474,96.35
11475,30.69
11476,217.44
11477,55.44
11478,25.84
11479,4.0
11480,35.77
11481,40.73
11482,42.35
11483,55.04
11484,156.79
11485,4.27
11486,166.39
11487,70.31
11488,37.09
11489,67.28
11490,145.9
11491,27.15
11492,220.78
11493,7.89
11494,8.23
11495,115.35
11496,58.66
11497,148.68
11498,28.66
11499,153.93
11500,48.66
11501,73.15
11502,83.39
11503,59.16
11504,26.85
11505,106.32
11506,175.38
11507,74.18
11508,199.46
11509,165.15
11510,56.96
11511,61.51
11512,16.0
11513,3.63
11514,189.01
11515,143.3
11516,156.65
11517,3.96
11518,163.62
11519,253.17
11520,2.23
11521,44.06
11522,128.96
11523,66.88
11524,179.74
11525,144.55
11526,123.39
11527,155.64
11528,25.75
11529,3.01
11530,61.49
11531,167.44
11532,151.21
11533,3.92
11534,199.14
11535,182.0
11536,63.78
11537,78.91
11538,109.6
11539,102.99
11540,117.32
11541,78.08
11542,37.9
11543,13.2
11544,7.8
11545,38.98
11546,31.94
11547,36.97
11548,75.01
11549,87.91
11550,27.33
11551,70.44
11552,51.97
11553,237.88
11554,38.64
11555,151.93
11556,196.96
11557,129.21
11558,7.61
11559,47.95
11560,132.53
11561,97.6
11562,21.12
11563,129.71
11564,3.26
11565,104.77
11566,149.68
11567,78.99
11568,88.99
11569,156.81
11570,132.06
11571,26.76
11572,116.21
11573,189.55
11574,228.68
11575,36.64
11576,24.37
11577,214.34
11578,22.09
11579,235.71
11580,125.61
11581,21.6
11582,116.18
11583,25.12
11584,150.87
11585,145.6
11586,114.28
11587,91.7
11588,65.55
11589,160.93
11590,48.6
11591,29.95
11592,156.74
11593,160.99
11594,10.79
11595,102.4
11596,160.57
11597,146.11
11598,19.21
11599,6.04
11600,162.73
11601,31.13
11602,144.83
11603,67.94
11604,61.93
11605,56.58
11606,59.93
11607,42.05
11608,58.89
11609,22.43
11610,207.81
11611,117.31
11612,131.18
11613,98.14
11614,109.19
11615,72.65
11616,156.38
11617,16.83
11618,96.2
11619,28.8
11620,176.7
11621,90.63
11622,20.91
11623,22.11
11624,13.82
11625,21.45
11626,36.88
11627,118.15
11628,140.09
11629,143.35
11630,188.4
11631,133.41
11632,166.84
11633,180.84
11634,159.81
11635,110.83
11636,75.07
11637,149.11
11638,86.46
11639,48.84
11640,39.62
11641,10.82
11642,83.36
11643,59.53
11644,104.64
11645,2.67
11646,12.56
11647,106.14
11648,85.12
11649,65.0
11650,60.97
11651,168.28
11652,174.82
11653,108.72
11654,37.34
11655,67.11
11656,65.23
11657,43.82
11658,8.43
11659,202.08
11660,73.92
11661,80.96
11662,164.0
11663,56.6
11664,215.32
11665,22.7
11666,25.39
11667,154.27
11668,115.75
11669,65.49
11670,156.2
11671,52.08
11672,82.9
11673,28.35
11674,33.72
11675,47.41
11676,117.85
11677,146.93
11678,63.62
11679,80.04
11680,7.93
11681,104.66
11682,163.65
11683,128.32
11684,171.78
11685,29.74
11686,122.45
11687,147.81
11688,210.06
11689,215.64
11690,15.66
11691,23.45
11692,177.7
11693,125.67
11694,25.6
11695,194.5
11696,20.67
11697,35.98
11698,68.85
11699,51.81
11700,28.55
11701,126.96
11702,10.47
11703,8.92
11704,229.69
11705,47.11
11706,187.75
11707,97.77
11708,35.07
11709,102.79
11710,187.73
11711,113.41
11712,148.04
11713,69.39
11714,76.33
11715,206.41
11716,15.02
11717,61.31
11718,21.94
11719,108.36
11720,18.5
11721,63.49
11722,3.5
11723,27.23
11724,135.0
11725,93.6
11726,15.89
11727,216.65
11728,43.44
11729,25.96
11730,73.23
11731,152.02
11732,20.39
11733,99.38
11734,159.09
11735,169.23
11736,188.81
11737,55.34
11738,79.63
11739,4.51
11740,21.8
11741,76.75
11742,35.03
11743,176.7
11744,131.26
11745,164.07
11746,109.93
11747,57.04
11748,95.85
11749,148.75
11750,9.98
11751,34.64
11752,177.75
11753,56.54
11754,33.37
11755,26.3
11756,106.0
11757,117.23
11758,211.63
11759,109.25
11760,115.98
11761,51.07
11762,13.95
11763,4.44
11764,254.72
11765,88.81
11766,172.81
11767,125.1
11768,153.84
11769,23.72
11770,116.03
11771,127.22
11772,25.67
11773,78.56
11774,201.46
11775,114.53
11776,12.42
11777,86.72
11778,150.37
11779,37.53
11780,67.18
11781,191.1
11782,162.29
11783,100.64
11784,69.34
11785,94.07
11786,29.39
11787,31.58
11788,205.3
11789,137.2
11790,113.4
11791,91.88
11792,143.04
11793,161.84
11794,110.19
11795,16.59
11796,179.53
11797,104.46
11798,34.63
11799,8.9
11800,117.01
11801,139.41
11802,187.73
11803,199.03
11804,64.02
11805,48.38
11806,69.14
11807,182.71
11808,183.8
11809,21.96
11810,93.48
11811,20.69
11812,114.27
11813,201.46
11814,47.48
11815,103.81
11816,11.54
11817,99.47
11818,114.48
11819,44.08
11820,45.11
11821,16.78
11822,17.62
11823,55.42
11824,171.95
11825,107.56
11826,26.53
11827,90.08
11828,134.5
11829,22.22
11830,156.85
11831,112.41
11832,76.61
11833,8.04
11834,180.69
11835,175.85
11836,71.74
11837,208.55
11838,123.02
11839,76.7
11840,69.55
11841,178.19
11842,7.74
11843,53.84
11844,170.86
11845,79.18
11846,104.23
11847,202.75
11848,179.04
11849,89.35
11850,65.52
11851,97.06
11852,188.04
11853,45.86
11854,199.72
11855,215.1
11856,89.62
11857,23.79
11858,135.28
11859,77.53
11860,9.82
11861,233.62
11862,69.66
11863,102.82
11864,182.91
11865,29.25
11866,131.9
11867,16.73
11868,54.53
11869,65.17
11870,127.72
11871,43.76
11872,89.16
11873,64.98
11874,82.86
11875,133.38
11876,167.51
11877,3.61
11878,144.1
11879,126.53
11880,63.47
11881,47.52
11882,32.67
11883,109.46
11884,6.14
11885,107.88
11886,7.41
11887,48.58
11888,121.33
11889,59.45
11890,186.84
11891,6.77
11892,22.48
11893,135.46
11894,42.96
11895,21.37
11896,156.87
11897,23.03
11898,118.94
11899,55.97
11900,56.62
11901,40.2
11902,21.75
11903,109.86
11904,253.55
11905,148.96
11906,37.58
11907,158.0
11908,166.23
11909,124.94
11910,187.93
11911,51.36
11912,178.98
11913,136.29
11914,209.77
11915,167.26
11916,9.28
11917,37.28
11918,123.21
11919,24.11
11920,192.18
11921,142.2
11922,166.32
11923,29.99
11924,210.69
11925,62.78
11926,99.75
11927,92.93
11928,95.25
11929,86.28
11930,255.51
11931,74.26
11932,20.14
11933,170.86
11934,13.24
11935,47.9
11936,110.1
11937,19.9
11938,112.95
11939,24.8
11940,133.36
11941,161.9
11942,31.18
11943,43.75
11944,70.11
11945,60.31
11946,119.57
11947,117.18
11948,86.69
11949,134.82
11950,25.94
11951,231.85
11952,83.94
11953,23.68
11954,54.25
11955,198.06
11956,18.75
11957,38.54
11958,7.09
11959,17.64
11960,44.36
11961,154.25
11962,159.02
11963,104.88
11964,86.85
11965,162.75
11966,139.74
11967,9.39
11968,147.81
11969,158.19
11970,57.24
11971,55.45
11972,30.71
11973,184.68
11974,138.86
11975,42.79
11976,63.82
11977,133.64
11978,21.01
11979,191.74
11980,84.01
11981,10.9
11982,67.63
11983,74.56
11984,172.8
11985,111.03
11986,190.96
11987,55.73
11988,25.38
11989,235.5
11990,74.37
11991,9.36
11992,116.49
11993,114.63
11994,39.29
11995,84.01
11996,18.04
11997,177.94
11998,41.85
11999,108.3
12000,19.35
12001,53.72
12002,97.99
12003,164.88
12004,176.09
12005,5.78
12006,115.21
12007,5.44
12008,132.32
12009,220.02
12010,23.15
12011,108.07
12012,149.14
12013,26.96
12014,47.61
12015,64.36
12016,40.74
12017,9.89
12018,7.07
12019,87.07
12020,63.54
12021,20.63
12022,74.65
12023,145.63
12024,156.78
12025,42.21
12026,20.05
12027,136.99
12028,62.8
12029,50.42
12030,59.75
12031,70.1
12032,2.16
12033,37.65
12034,106.26
12035,145.83
12036,77.57
12037,175.27
12038,131.33
12039,62.56
12040,112.72
12041,81.98
12042,176.58
12043,114.49
12044,140.94
12045,193.25
12046,101.45
12047,14.11
12048,157.78
12049,89.2
12050,37.0
12051,90.37
12052,188.94
12053,7.18
12054,17.85
12055,67.1
12056,47.87
12057,151.66
12058,46.67
12059,131.4
12060,102.76
12061,72.65
12062,195.46
12063,38.63
12064,34.35
12065,15.14
12066,18.95
12067,30.77
12068,79.15
12069,210.74
12070,35.41
12071,29.89
12072,50.73
12073,132.59
12074,147.51
12075,93.08
12076,142.28
12077,70.0
12078,108.6
12079,82.23
12080,134.81
12081,96.42
12082,107.78
12083,123.94
12084,146.93
12085,24.2
12086,113.49
12087,69.05
12088,107.71
12089,57.49
12090,69.75
12091,46.87
12092,71.95
12093,85.68
12094,67.4
12095,55.09
12096,15.24
12097,13.19
12098,35.53
12099,229.95
12100,179.25
12101,55.01
12102,55.68
12103,96.01
12104,2.33
12105,10.33
12106,52.28
12107,202.32
12108,61.17
12109,57.71
12110,26.62
12111,82.41
12112,38.96
12113,173.38
12114,117.82
12115,16.9
12116,13.59
12117,125.5
12118,155.65
12119,44.61
12120,12.13
12121,37.41
12122,79.62
12123,5.61
12124,95.62
12125,57.02
12126,76.73
12127,88.22
12128,120.32
12129,40.51
12130,25.61
12131,54.68
12132,19.75
12133,79.33
12134,72.3
12135,179.43
12136,31.17
12137,110.6
12138,16.09
12139,195.43
12140,27.49
12141,69.31
12142,58.25
12143,185.1
12144,73.27
12145,103.25
12146,25.88
12147,26.85
12148,39.96
12149,115.5
12150,14.56
12151,23.12
12152,48.55
12153,36.09
12154,17.3
12155,60.34
12156,38.38
12157,161.49
12158,86.99
12159,164.59
12160,103.92
12161,17.74
12162,162.83
12163,59.54
12164,4.29
12165,67.08
12166,49.32
12167,22.13
12168,43.68
12169,61.5
12170,17.0
12171,103.76
12172,67.06
12173,120.77
12174,78.85
12175,101.27
12176,167.62
12177,52.76
12178,204.14
12179,70.79
12180,11.37
12181,148.63
12182,156.58
12183,126.87
12184,50.19
12185,46.53
12186,3.62
12187,2.77
12188,38.33
12189,29.27
12190,27.49
12191,179.48
12192,141.46
12193,42.01
12194,207.89
12195,154.45
12196,164.55
12197,241.3
12198,70.21
12199,218.64
12200,233.28
12201,37.43
12202,64.06
12203,113.1
12204,110.07
12205,5.08
12206,154.34
12207,159.03
12208,84.06
12209,75.11
12210,87.25
12211,20.1
12212,141.22
12213,208.57
12214,191.54
12215,50.07
12216,7.26
12217,170.68
12218,142.06
12219,120.86
12220,87.03
12221,81.87
12222,57.05
12223,224.62
12224,17.1
12225,6.82
12226,72.56
12227,34.74
12228,25.63
12229,37.31
12230,107.61
12231,84.72
12232,23.15
12233,60.69
12234,93.18
12235,76.48
12236,194.24
12237,7.67
12238,57.14
12239,59.63
12240,27.51
12241,45.82
12242,42.22
12243,79.35
12244,156.23
12245,27.95
12246,28.73
12247,199.25
12248,45.29
12249,6.11
12250,10.57
12251,129.73
12252,60.47
12253,112.84
12254,12.54
12255,82.77
12256,167.78
12257,91.37
12258,52.62
12259,11.09
12260,23.91
12261,103.91
12262,185.24
12263,19.0
12264,95.71
12265,174.61
12266,172.84
12267,205.1
12268,73.44
12269,2.92
12270,31.49
12271,187.54
12272,195.99
12273,226.96
12274,95.78
12275,162.72
12276,134.93
12277,39.85
12278,99.43
12279,39.36
12280,13.99
12281,123.93
12282,58.18
12283,106.26
12284,93.1
12285,108.38
12286,46.04
12287,42.6
12288,183.87
12289,129.07
12290,135.33
12291,170.49
12292,175.42
12293,15.34
12294,67.94
12295,5.87
12296,157.97
12297,38.47
12298,16.65
12299,25.53
12300,142.44
12301,115.4
12302,136.38
12303,52.6
12304,159.36
12305,124.96
12306,59.3
12307,102.49
12308,153.99
12309,75.82
12310,157.69
12311,61.58
12312,30.3
12313,76.66
12314,30.09
12315,189.26
12316,109.66
12317,63.92
12318,41.82
12319,42.9
12320,139.08
12321,138.61
12322,42.21
12323,29.41
12324,104.28
12325,13.82
12326,62.49
12327,72.1
12328,134.14
12329,29.45
12330,165.71
12331,37.62
12332,72.3
12333,13.43
12334,76.22
12335,67.92
12336,22.64
12337,197.01
12338,34.56
12339,44.41
12340,101.8
12341,170.2
12342,22.64
12343,51.46
12344,198.38
12345,201.26
12346,133.28
12347,74.38
12348,48.21
12349,17.03
12350,120.02
12351,175.11
12352,59.63
12353,91.36
12354,93.89
12355,56.0
12356,60.34
12357,61.39
12358,162.94
12359,21.03
12360,129.22
12361,172.8
12362,50.95
12363,2.7
12364,71.08
12365,63.3
12366,89.76
12367,10.73
12368,97.91
12369,20.76
12370,19.18
12371,147.28
12372,8.27
12373,131.38
12374,198.73
12375,104.65
12376,30.07
12377,35.59
12378,54.26
12379,49.84
12380,42.49
12381,93.97
12382,187.83
12383,202.17
12384,56.79
12385,52.99
12386,32.05
12387,183.7
12388,184.97
12389,13.94
12390,17.48
12391,151.0
12392,109.75
12393,210.7
12394,38.15
12395,23.77
12396,21.02
12397,59.81
12398,199.25
12399,53.3
12400,187.5
12401,79.51
12402,87.32
12403,82.39
12404,99.01
12405,33.03
12406,114.74
12407,154.8
12408,33.44
12409,140.58
12410,175.58
12411,92.93
12412,8.41
12413,31.84
12414,29.19
12415,33.09
12416,12.9
12417,3.06
12418,65.24
12419,133.28
12420,85.44
12421,171.78
12422,109.27
12423,136.6
12424,21.18
12425,112.3
12426,145.68
12427,145.07
12428,44.97
12429,157.69
12430,7.82
12431,96.25
12432,94.04
12433,58.33
12434,116.66
12435,113.61
12436,6.73
12437,44.46
12438,70.08
12439,189.67
12440,6.18
12441,49.17
12442,37.56
12443,161.77
12444,87.52
12445,59.97
12446,89.66
12447,121.31
12448,147.75
12449,59.15
12450,86.74
12451,243.89
12452,77.86
12453,130.26
12454,58.29
12455,60.81
12456,169.29
12457,33.81
12458,7.57
12459,36.69
12460,53.76
12461,15.64
12462,101.72
12463,39.51
12464,29.75
12465,214.41
12466,52.93
12467,8.97
12468,165.05
12469,110.23
12470,67.15
12471,119.5
12472,182.96
12473,74.42
12474,153.28
12475,176.4
12476,13.05
12477,70.25
12478,131.86
12479,82.93
12480,40.06
12481,168.59
12482,8.54
12483,45.67
12484,90.61
12485,101.16
12486,81.7
12487,59.71
12488,126.9
12489,217.95
12490,35.26
12491,29.19
12492,26.84
12493,138.77
12494,27.69
12495,109.53
12496,9.11
12497,70.96
12498,22.97
12499,62.57
12500,106.4
12501,40.21
12502,231.85
12503,224.76
12504,51.59
12505,57.77
12506,114.66
12507,60.1
12508,181.69
12509,99.1
12510,51.72
12511,65.01
12512,33.67
12513,97.4
12514,59.8
12515,96.8
12516,68.71
12517,198.44
12518,36.9
12519,19.48
12520,37.52
12521,186.95
12522,29.57
12523,78.21
12524,60.5
12525,224.58
12526,12.5
12527,152.92
12528,7.71
12529,87.3
12530,72.04
12531,109.83
12532,105.99
12533,27.44
12534,77.82
12535,87.48
12536,197.47
12537,144.46
12538,53.33
12539,68.94
12540,139.01
12541,112.16
12542,106.27
12543,30.65
12544,80.17
12545,46.0
12546,63.37
12547,151.54
12548,7.68
12549,10.06
12550,90.98
12551,18.89
12552,127.45
12553,151.43
12554,64.65
12555,19.79
12556,133.6
12557,63.05
12558,29.3
12559,159.96
12560,15.28
12561,52.39
12562,172.45
12563,42.11
12564,78.23
12565,176.87
12566,239.0
12567,60.49
12568,65.33
12569,4.19
12570,75.78
12571,99.44
12572,71.38
12573,47.3
12574,115.49
12575,105.1
12576,32.49
12577,86.09
12578,245.24
12579,15.2
12580,29.31
12581,134.39
12582,35.67
12583,67.92
12584,158.26
12585,4.09
12586,36.83
12587,54.05
12588,14.83
12589,202.68
12590,44.72
12591,116.19
12592,3.74
12593,35.5
12594,111.73
12595,155.68
12596,98.52
12597,3.61
12598,64.56
12599,195.26
12600,29.09
12601,52.3
12602,199.15
12603,139.97
12604,60.12
12605,32.97
12606,181.04
12607,142.21
12608,180.72
12609,129.06
12610,13.37
12611,146.13
12612,63.72
12613,176.81
12614,122.08
12615,201.45
12616,155.44
12617,78.68
12618,122.64
12619,3.3
12620,10.15
12621,220.42
12622,149.07
12623,123.57
12624,136.34
12625,83.12
12626,16.66
12627,82.78
12628,140.95
12629,16.91
12630,63.02
12631,10.33
12632,68.94
12633,6.44
12634,103.33
12635,23.51
12636,19.76
12637,116.33
12638,84.03
12639,65.47
12640,4.36
12641,216.9
12642,144.89
12643,8.72
12644,137.49
12645,132.9
12646,93.82
12647,158.74
12648,58.98
12649,22.83
12650,13.52
12651,33.78
12652,6.92
12653,89.12
12654,39.66
12655,144.34
12656,157.22
12657,150.31
12658,47.01
12659,7.31
12660,126.3
12661,7.0
12662,35.74
12663,58.74
12664,18.29
12665,147.49
12666,228.99
12667,55.22
12668,53.82
12669,147.84
12670,136.02
12671,48.14
12672,153.43
12673,182.62
12674,89.08
12675,80.51
12676,166.1
12677,108.61
12678,68.75
12679,182.8
12680,190.67
12681,113.74
12682,8.35
12683,101.01
12684,27.6
12685,124.52
12686,27.85
12687,137.67
12688,104.49
12689,198.19
12690,182.96
12691,151.18
12692,53.73
12693,92.85
12694,9.54
12695,23.66
12696,68.99
12697,160.75
12698,106.96
12699,81.71
12700,84.29
12701,117.24
12702,88.74
12703,78.21
12704,7.85
12705,125.23
12706,90.5
12707,172.25
12708,190.18
12709,115.02
12710,14.07
12711,144.95
12712,187.73
12713,104.3
12714,36.87
12715,132.66
12716,157.1
12717,158.99
12718,89.68
12719,27.16
12720,62.14
12721,29.01
12722,60.0
12723,150.09
12724,121.99
12725,9.2
12726,29.31
12727,108.41
12728,7.83
12729,82.16
12730,118.51
12731,48.97
12732,16.56
12733,21.65
12734,89.31
12735,144.29
12736,8.92
12737,53.06
12738,83.19
12739,174.74
12740,151.19
12741,160.85
12742,98.86
12743,173.14
12744,7.87
12745,197.4
12746,17.4
12747,82.29
12748,35.58
12749,72.59
12750,60.99
12751,28.11
12752,9.57
12753,36.05
12754,261.69
12755,21.22
12756,4.42
12757,32.63
12758,7.03
12759,98.91
12760,3.9
12761,192.92
12762,100.97
12763,73.78
12764,20.32
12765,162.21
12766,185.33
12767,29.31
12768,131.05
12769,54.27
12770,67.08
12771,5.57
12772,73.18
12773,31.56
12774,173.17
12775,208.82
12776,164.74
12777,11.47
12778,40.79
12779,16.44
12780,164.98
12781,104.03
12782,27.4
12783,4.97
12784,52.01
12785,158.35
12786,201.62
12787,159.99
12788,9.76
12789,225.55
12790,133.08
12791,34.78
12792,47.89
12793,111.78
12794,49.85
12795,24.29
12796,111.69
12797,33.9
12798,73.72
12799,13.71
12800,242.61
12801,3.06
12802,50.64
12803,118.59
12804,188.52
12805,28.51
12806,164.44
12807,156.72
12808,55.69
12809,48.08
12810,76.62
12811,170.54
12812,120.74
12813,205.65
12814,90.55
12815,122.33
12816,38.44
12817,91.85
12818,124.9
12819,43.03
12820,219.89
12821,140.98
12822,159.42
12823,141.16
12824,9.27
12825,24.3
12826,112.16
12827,121.05
12828,10.89
12829,61.05
12830,56.94
12831,80.09
12832,94.5
12833,157.02
12834,22.31
12835,188.94
12836,62.28
12837,61.78
12838,16.73
12839,114.9
12840,75.42
12841,56.54
12842,24.55
12843,202.62
12844,100.41
12845,37.87
12846,128.22
12847,8.18
12848,25.27
12849,169.75
12850,137.46
12851,10.15
12852,130.29
12853,165.78
12854,121.12
12855,58.86
12856,113.87
12857,62.74
12858,89.8
12859,74.35
12860,167.91
12861,104.46
12862,168.19
12863,11.74
12864,212.77
12865,149.71
12866,207.27
12867,69.02
12868,142.39
12869,238.52
12870,48.56
12871,183.5
12872,38.91
12873,26.41
12874,167.73
12875,183.74
12876,97.37
12877,57.0
12878,20.61
12879,36.97
12880,56.85
12881,22.32
12882,80.12
12883,100.76
12884,3.25
12885,21.89
12886,4.01
12887,130.65
12888,159.1
12889,34.28
12890,150.73
12891,40.01
12892,11.43
12893,163.53
12894,140.03
12895,74.15
12896,208.69
12897,139.59
12898,118.92
12899,110.07
12900,124.7
12901,112.23
12902,141.57
12903,35.35
12904,4.06
12905,25.35
12906,126.65
12907,68.65
12908,24.78
12909,4.11
12910,69.5
12911,207.9
12912,115.76
12913,32.28
12914,108.87
12915,85.35
12916,177.74
12917,21.62
12918,68.23
12919,181.33
12920,161.05
12921,140.46
12922,42.07
12923,8.44
12924,64.72
12925,54.55
12926,192.4
12927,132.66
12928,102.53
12929,96.09
12930,99.59
12931,111.85
12932,86.38
12933,77.93
12934,144.16
12935,173.26
12936,74.49
12937,146.62
12938,69.27
12939,164.99
12940,146.85
12941,69.64
12942,65.63
12943,104.52
12944,100.83
12945,7.74
12946,160.41
12947,92.1
12948,60.83
12949,143.68
12950,168.25
12951,133.62
12952,4.31
12953,105.83
12954,238.8
12955,47.83
12956,45.68
12957,107.1
12958,99.65
12959,32.6
12960,26.59
12961,145.02
12962,29.56
12963,146.64
12964,39.25
12965,104.3
12966,67.4
12967,32.21
12968,188.69
12969,38.96
12970,137.16
12971,183.18
12972,60.8
12973,10.46
12974,7.91
12975,161.28
12976,199.57
12977,46.37
12978,157.97
12979,46.84
12980,41.76
12981,38.4
12982,110.66
12983,10.11
12984,143.84
12985,122.01
12986,228.19
12987,19.63
12988,72.69
12989,33.91
12990,72.29
12991,41.58
12992,67.21
12993,196.8
12994,96.06
12995,10.24
12996,20.24
12997,20.18
12998,34.39
12999,26.47
13000,113.41
13001,183.86
13002,51.96
13003,7.6
13004,3.73
13005,179.93
13006,75.61
13007,16.89
13008,16.86
13009,77.22
13010,112.7
13011,6.8
13012,23.39
13013,54.98
13014,69.91
13015,14.37
13016,180.56
13017,6.24
13018,2.14
13019,56.08
13020,2.19
13021,79.66
13022,81.17
13023,20.55
13024,150.68
13025,29.21
13026,5.28
13027,89.48
13028,185.33
13029,16.17
13030,11.58
13031,5.29
13032,90.1
13033,82.47
13034,35.25
13035,7.54
13036,62.9
13037,22.05
13038,178.9
13039,177.33
13040,37.86
13041,136.57
13042,96.86
13043,140.19
13044,76.74
13045,74.79
13046,171.59
13047,126.96
13048,72.19
13049,75.14
13050,124.55
13051,118.25
13052,130.51
13053,55.1
13054,191.19
13055,50.53
13056,82.43
13057,161.64
13058,8.85
13059,161.39
13060,20.35
13061,9.05
13062,33.96
13063,20.89
13064,11.18
13065,60.61
13066,150.01
13067,210.09
13068,133.48
13069,146.06
13070,80.48
13071,37.5
13072,44.02
13073,46.52
13074,184.6
13075,92.24
13076,98.08
13077,193.45
13078,185.16
13079,172.16
13080,173.46
13081,50.33
13082,22.32
13083,160.47
13084,197.64
13085,22.15
13086,89.31
13087,104.87
13088,141.09
13089,24.32
13090,23.41
13091,24.51
13092,3.9
13093,19.99
13094,114.23
13095,94.21
13096,107.96
13097,124.15
13098,41.47
13099,194.93
13100,19.37
13101,32.3
13102,127.83
13103,44.71
13104,61.51
13105,37.4
13106,133.72
13107,7.39
13108,171.39
13109,40.35
13110,173.97
13111,97.34
13112,0.85
13113,215.33
13114,117.46
13115,126.13
13116,67.62
13117,204.38
13118,37.34
13119,12.18
13120,61.34
13121,109.95
13122,17.21
13123,200.91
13124,56.92
13125,21.87
13126,58.99
13127,186.9
13128,132.42
13129,89.42
13130,30.86
13131,86.51
13132,24.44
13133,83.63
13134,21.4
13135,115.44
13136,152.69
13137,6.88
13138,100.18
13139,7.4
13140,24.35
13141,65.57
13142,163.54
13143,207.82
13144,161.04
13145,183.19
13146,171.28
13147,158.83
13148,90.25
13149,107.04
13150,154.3
13151,90.07
13152,72.5
13153,11.83
13154,67.82
13155,17.97
13156,6.36
13157,3.16
13158,177.25
13159,106.9
13160,59.99
13161,158.61
13162,23.53
13163,14.88
13164,27.63
13165,77.11
13166,10.95
13167,133.01
13168,82.56
13169,170.72
13170,58.97
13171,195.62
13172,143.18
13173,10.97
13174,34.36
13175,31.49
13176,72.01
13177,16.85
13178,150.18
13179,203.29
13180,45.07
13181,48.65
13182,40.65
13183,168.74
13184,50.49
13185,91.41
13186,201.63
13187,175.45
13188,180.48
13189,47.6
13190,68.26
13191,52.23
13192,107.01
13193,86.57
13194,149.32
13195,22.35
13196,210.34
13197,125.32
13198,195.72
13199,124.79
13200,109.5
13201,3.62
13202,25.88
13203,46.64
13204,134.21
13205,24.76
13206,34.26
13207,91.56
13208,27.41
13209,29.88
13210,158.53
13211,56.14
13212,26.17
13213,64.25
13214,175.89
13215,26.14
13216,147.67
13217,106.04
13218,200.98
13219,115.1
13220,189.99
13221,153.26
13222,114.19
13223,52.94
13224,65.07
13225,57.09
13226,64.83
13227,21.95
13228,170.25
13229,157.88
13230,17.54
13231,35.83
13232,99.51
13233,160.84
13234,94.59
13235,84.42
13236,214.37
13237,24.17
13238,72.05
13239,16.52
13240,109.06
13241,8.68
13242,186.53
13243,65.84
13244,23.05
13245,50.58
13246,75.04
13247,9.96
13248,136.8
13249,37.32
13250,190.55
13251,17.46
13252,84.24
13253,21.67
13254,97.3
13255,182.74
13256,65.4
13257,144.31
13258,153.63
13259,106.69
13260,219.37
13261,54.16
13262,151.61
13263,26.44
13264,53.96
13265,51.16
13266,128.55
13267,117.18
13268,106.07
13269,14.49
13270,170.33
13271,126.93
13272,234.72
13273,57.28
13274,16.19
13275,87.79
13276,25.79
13277,171.0
13278,88.01
13279,14.36
13280,44.12
13281,105.39
13282,39.39
13283,250.37
13284,24.54
13285,37.48
13286,15.46
13287,154.6
13288,34.93
13289,39.49
13290,190.17
13291,158.35
13292,7.73
13293,33.05
13294,100.01
13295,177.62
13296,60.13
13297,8.53
13298,74.69
13299,70.92
13300,144.28
13301,60.48
13302,94.17
13303,67.92
13304,39.95
13305,39.35
13306,7.18
13307,111.81
13308,153.45
13309,15.91
13310,29.12
13311,13.06
13312,12.07
13313,57.21
13314,8.27
13315,45.47
13316,40.54
13317,84.45
13318,48.64
13319,35.34
13320,79.67
13321,51.02
13322,33.0
13323,7.58
13324,102.93
13325,142.98
13326,50.11
13327,151.9
13328,45.04
13329,80.03
13330,119.99
13331,184.14
13332,123.83
13333,161.26
13334,118.26
13335,187.59
13336,18.86
13337,87.27
13338,12.3
13339,27.56
13340,4.02
13341,40.08
13342,105.94
13343,43.41
13344,13.53
13345,49.54
13346,207.86
13347,54.4
13348,218.35
13349,108.11
13350,13.58
13351,50.74
13352,177.66
13353,66.14
13354,71.24
13355,9.44
13356,40.28
13357,18.26
13358,14.07
13359,117.29
13360,64.66
13361,19.86
13362,158.31
13363,6.41
13364,13.84
13365,7.39
13366,200.35
13367,21.19
13368,80.58
13369,22.04
13370,14.02
13371,57.91
13372,155.47
13373,109.39
13374,11.17
13375,56.99
13376,65.4
13377,133.31
13378,26.0
13379,98.83
13380,42.99
13381,173.97
13382,13.94
13383,91.53
13384,7.29
13385,198.75
13386,33.76
13387,98.26
13388,5.27
13389,108.38
13390,44.91
13391,129.07
13392,23.05
13393,90.86
13394,170.52
13395,35.19
13396,115.54
13397,6.64
13398,35.28
13399,124.73
13400,28.84
13401,70.29
13402,76.87
13403,5.01
13404,73.79
13405,51.93
13406,23.5
13407,122.08
13408,24.81
13409,154.03
13410,17.28
13411,201.12
13412,28.99
13413,43.84
13414,29.85
13415,265.78
13416,117.28
13417,82.01
13418,16.41
13419,172.27
13420,46.8
13421,90.05
13422,167.43
13423,39.94
13424,57.16
13425,24.58
13426,48.3
13427,68.05
13428,104.69
13429,131.94
13430,143.78
13431,203.05
13432,131.33
13433,96.93
13434,165.45
13435,185.55
13436,38.44
13437,84.9
13438,56.61
13439,106.12
13440,208.78
13441,7.4
13442,5.29
13443,115.85
13444,20.03
13445,2.97
13446,51.98
13447,209.5
13448,146.59
13449,124.28
13450,162.7
13451,99.54
13452,18.76
13453,132.88
13454,70.12
13455,60.65
13456,172.43
13457,27.94
13458,257.58
13459,78.97
13460,50.83
13461,6.39
13462,174.87
13463,15.13
13464,78.69
13465,157.56
13466,187.18
13467,180.35
13468,124.26
13469,236.84
13470,85.86
13471,61.43
13472,175.32
13473,32.21
13474,56.79
13475,127.41
13476,129.19
13477,77.04
13478,46.84
13479,7.13
13480,46.74
13481,64.38
13482,191.32
13483,92.34
13484,137.61
13485,34.26
13486,226.07
13487,97.34
13488,9.79
13489,33.02
13490,59.19
13491,46.76
13492,30.45
13493,39.41
13494,41.76
13495,111.12
13496,54.71
13497,156.64
13498,9.56
13499,211.45
13500,163.2
13501,145.35
13502,195.06
13503,107.69
13504,115.9
13505,92.07
13506,115.45
13507,50.23
13508,58.49
13509,186.4
13510,49.9
13511,20.27
13512,74.41
13513,15.22
13514,11.93
13515,90.08
13516,16.18
13517,84.38
13518,75.71
13519,62.61
13520,114.64
13521,48.03
13522,124.18
13523,164.22
13524,103.12
13525,45.3
13526,21.82
13527,187.5
13528,76.85
13529,18.56
13530,16.28
13531,40.04
13532,19.64
13533,194.08
13534,17.75
13535,111.32
13536,32.78
13537,99.27
13538,207.88
13539,103.47
13540,127.15
13541,7.7
13542,35.78
13543,11.67
13544,51.23
13545,132.58
13546,95.53
13547,78.27
13548,58.16
13549,13.98
13550,207.46
13551,14.48
13552,169.25
13553,141.86
13554,47.12
13555,97.28
13556,65.92
13557,13.31
13558,54.63
13559,162.54
13560,6.35
13561,148.26
13562,20.82
13563,120.77
13564,24.68
13565,162.72
13566,147.83
13567,77.65
13568,28.81
13569,114.29
13570,54.54
13571,38.75
13572,187.05
13573,112.74
13574,32.67
13575,25.76
13576,170.79
13577,84.85
13578,195.36
13579,182.15
13580,7.26
13581,164.95
13582,2.94
13583,42.67
13584,7.45
13585,7.6
13586,239.79
13587,48.18
13588,73.31
13589,134.02
13590,92.41
13591,70.8
13592,58.58
13593,0.94
13594,48.5
13595,11.19
13596,87.24
13597,28.7
13598,40.88
13599,37.19
13600,12.75
13601,35.0
13602,39.12
13603,77.25
13604,9.85
13605,159.75
13606,128.83
13607,99.31
13608,51.75
13609,38.5
13610,61.93
13611,165.23
13612,96.76
13613,119.04
13614,143.82
13615,28.56
13616,16.26
13617,100.07
13618,14.2
13619,9.81
13620,145.18
13621,4.94
13622,198.58
13623,35.54
13624,126.21
13625,47.26
13626,35.91
13627,149.71
13628,101.32
13629,4.0
13630,99.45
13631,59.61
13632,174.96
13633,97.34
13634,87.93
13635,95.61
13636,28.78
13637,58.41
13638,64.82
13639,35.29
13640,110.77
13641,82.34
13642,138.29
13643,20.61
13644,113.73
13645,29.52
13646,181.59
13647,208.58
13648,51.64
13649,107.37
13650,46.8
13651,41.76
13652,67.62
13653,136.93
13654,12.23
13655,15.27
13656,213.19
13657,39.53
13658,49.34
13659,51.92
13660,141.02
13661,7.77
13662,67.09
13663,71.25
13664,119.08
13665,70.58
13666,74.92
13667,41.21
13668,163.6
13669,6.59
13670,261.31
13671,165.23
13672,228.09
13673,112.8
13674,190.48
13675,56.65
13676,7.04
13677,31.67
13678,96.52
13679,56.81
13680,151.08
13681,97.91
13682,89.95
13683,171.15
13684,183.84
13685,130.1
13686,68.33
13687,30.54
13688,90.34
13689,166.94
13690,100.89
13691,46.03
13692,24.19
13693,125.01
13694,170.4
13695,124.38
13696,48.32
13697,93.53
13698,66.79
13699,46.76
13700,66.9
13701,11.84
13702,12.36
13703,178.4
13704,28.98
13705,134.4
13706,91.64
13707,49.92
13708,28.82
13709,37.75
13710,9.86
13711,40.92
13712,77.53
13713,49.32
13714,42.2
13715,102.1
13716,19.83
13717,23.71
13718,129.25
13719,13.35
13720,166.42
13721,211.14
13722,12.39
13723,41.59
13724,113.66
13725,216.45
13726,110.74
13727,129.28
13728,29.55
13729,69.66
13730,50.42
13731,171.41
13732,186.62
13733,171.7
13734,40.64
13735,30.54
13736,188.37
13737,35.16
13738,30.35
13739,33.57
13740,45.01
13741,134.68
13742,229.51
13743,71.31
13744,50.76
13745,47.7
13746,94.81
13747,59.01
13748,8.67
13749,151.0
13750,68.17
13751,122.51
13752,126.13
13753,31.38
13754,132.2
13755,182.46
13756,165.64
13757,120.14
13758,22.4
13759,151.93
13760,15.75
13761,77.3
13762,145.9
13763,73.02
13764,15.87
13765,108.54
13766,166.51
13767,124.56
13768,138.43
13769,118.82
13770,8.02
13771,96.18
13772,47.54
13773,17.45
13774,33.19
13775,104.96
13776,9.49
13777,86.6
13778,128.62
13779,63.45
13780,219.84
13781,131.18
13782,153.62
13783,111.07
13784,27.36
13785,44.59
13786,109.22
13787,169.98
13788,5.41
13789,17.94
13790,103.75
13791,18.41
13792,61.12
13793,88.41
13794,93.82
13795,63.19
13796,74.12
13797,75.71
13798,37.53
13799,103.1
13800,31.25
13801,37.99
13802,138.96
13803,110.13
13804,177.71
13805,39.67
13806,41.33
13807,58.07
13808,30.29
13809,25.87
13810,123.38
13811,110.25
13812,115.74
13813,16.0
13814,101.52
13815,101.03
13816,42.56
13817,113.16
13818,131.87
13819,127.7
13820,96.47
13821,109.81
13822,29.0
13823,33.08
13824,31.91
13825,31.05
13826,39.11
13827,160.92
13828,154.48
13829,108.82
13830,30.76
13831,102.25
13832,52.74
13833,66.2
13834,92.29
13835,47.28
13836,50.02
13837,69.59
13838,197.63
13839,165.45
13840,119.47
13841,149.05
13842,125.12
13843,151.46
13844,40.0
13845,123.81
13846,58.04
13847,35.19
13848,215.87
13849,40.57
13850,43.22
13851,174.02
13852,120.68
13853,24.16
13854,9.54
13855,91.03
13856,13.11
13857,10.2
13858,67.65
13859,145.46
13860,185.07
13861,9.9
13862,134.53
13863,16.48
13864,104.91
13865,40.42
13866,80.65
13867,88.48
13868,86.95
13869,161.41
13870,118.4
13871,74.57
13872,108.19
13873,37.78
13874,58.59
13875,111.79
13876,156.92
13877,85.59
13878,188.41
13879,36.12
13880,110.04
13881,15.27
13882,142.12
13883,143.96
13884,72.83
13885,188.57
13886,115.44
13887,13.6
13888,135.47
13889,15.16
13890,70.34
13891,203.29
13892,154.11
13893,40.83
13894,92.06
13895,228.47
13896,26.89
13897,40.53
13898,104.2
13899,84.61
13900,137.7
13901,43.44
13902,101.58
13903,37.58
13904,181.54
13905,26.52
13906,83.49
13907,10.92
13908,65.11
13909,53.68
13910,188.13
13911,46.98
13912,78.79
13913,4.0
13914,118.5
13915,74.07
13916,204.12
13917,195.74
13918,96.21
13919,137.48
13920,197.17
13921,29.34
13922,17.54
13923,72.02
13924,6.33
13925,107.99
13926,31.11
13927,11.74
13928,1.65
13929,108.0
13930,88.05
13931,92.45
13932,55.57
13933,81.88
13934,52.45
13935,82.36
13936,66.14
13937,71.08
13938,21.54
13939,8.89
13940,132.89
13941,86.59
13942,240.14
13943,179.61
13944,63.7
13945,96.26
13946,42.59
13947,88.65
13948,32.49
13949,215.93
13950,62.48
13951,157.84
13952,7.44
13953,88.48
13954,53.41
13955,43.44
13956,77.51
13957,106.72
13958,13.01
13959,108.24
13960,22.77
13961,214.88
13962,48.37
13963,31.29
13964,19.94
13965,92.02
13966,5.18
13967,108.0
13968,106.45
13969,130.98
13970,63.85
13971,104.5
13972,108.11
13973,127.44
13974,115.17
13975,126.59
13976,9.15
13977,30.72
13978,34.94
13979,184.62
13980,95.09
13981,101.16
13982,30.83
13983,10.26
13984,41.32
13985,200.52
13986,139.2
13987,86.6
13988,41.89
13989,100.01
13990,139.22
13991,22.39
13992,171.39
13993,77.5
13994,44.93
13995,159.52
13996,135.25
13997,15.62
13998,164.0
13999,64.33
14000,253.03
